{
  "generated_at": "2026-04-10T09:13:08Z",
  "model_scope": "Algorithmic",
  "threshold": 0.5,
  "dataset": {
    "total": 20,
    "phishing": 10,
    "benign": 10
  },
  "results": [
    {
      "method": "Algorithmic",
      "accuracy": 0.45,
      "precision": 0.47368421052631576,
      "recall": 0.9,
      "f1": 0.6206896551724138,
      "latency_ms": 0.08324384689331055,
      "timeouts": 0,
      "tp": 9,
      "tn": 0,
      "fp": 10,
      "fn": 1
    }
  ]
}