{
  "Algorithmic": {
    "accuracy": 0.732,
    "precision": 0.6829268292682927,
    "recall": 0.8200836820083682,
    "f1": 0.7452471482889734,
    "tp": 196,
    "tn": 170,
    "fp": 91,
    "fn": 43
  },
  "Random Forest": {
    "accuracy": 0.524,
    "precision": 0.5011933174224343,
    "recall": 0.8786610878661087,
    "f1": 0.6382978723404256,
    "tp": 210,
    "tn": 52,
    "fp": 209,
    "fn": 29
  },
  "XGBoost": {
    "accuracy": 0.524,
    "precision": 0.5011933174224343,
    "recall": 0.8786610878661087,
    "f1": 0.6382978723404256,
    "tp": 210,
    "tn": 52,
    "fp": 209,
    "fn": 29
  }
}